{
  "detection": {
    "map": 0.0004655728697886449,
    "per_class_ap": {
      "car": 0.0023278643489432244,
      "person": 0.0,
      "truck": 0.0,
      "cyclist": 0.0,
      "bus": 0.0
    }
  },
  "tracking": {
    "mota": -0.12165898617511517,
    "motp": 0.8471454674323942,
    "fp": 168,
    "fn": 1032,
    "id_switches": 17,
    "total_gt": 1085
  }
}